T_K,f_Na_over_ground,f_K_over_ground,f_Li_over_ground
1500.0,1.7000397483443707e-07,7.3751255810191254e-06,1.2373483823632985e-06
1509.2436974789916,1.878297386099588e-07,7.962448348850904e-06,1.3505714402520122e-06
1518.4873949579833,2.0727283913112399e-07,8.588527107102639e-06,1.4725843205652882e-06
1527.7310924369747,2.2845610715395537e-07,9.255352447979773e-06,1.603940409988651e-06
1536.9747899159663,2.515097480910789e-07,9.9649842778699e-06,1.7452190092840898e-06
1546.218487394958,2.7657165145409267e-07,1.0719552736640558e-05,1.8970260463081542e-06
1555.4621848739496,3.0378770597886916e-07,1.1521259077962417e-05,2.0599947869281415e-06
1564.7058823529412,3.3331212022240303e-07,1.2372376509637628e-05,2.2347865430303583e-06
1573.9495798319329,3.6530774840903265e-07,1.3275250992985018e-05,2.4220913768191953e-06
1583.1932773109243,3.9994642129356883e-07,1.4232302000405068e-05,2.6226288006118453e-06
1592.436974789916,4.3740928179901193e-07,1.5246023230319514e-05,2.837148471341237e-06
1601.6806722689075,4.778871251771815e-07,1.63189832787517e-05,3.0664308789887208e-06
1610.9243697478992,5.215807434317824e-07,1.745382626688534e-05,3.3112880281787694e-06
1620.1680672268908,5.687012737351026e-07,1.865327242401031e-05,3.5725641121795813e-06
1629.4117647058824,6.19470550561771e-07,1.992011862533402e-05,3.851136178566464e-06
1638.6554621848738,6.741214612557952e-07,2.125723888420638e-05,4.147914785819383e-06
1647.8991596638655,7.328983047404427e-07,2.2667584798376054e-05,4.463844650141246e-06
1657.142857142857,7.960571530744143e-07,2.4154185949961256e-05,4.799905281799795e-06
1666.3865546218487,8.638662155522571e-07,2.572015025888742e-05,5.1571116103138415e-06
1675.6302521008404,9.366062050419795e-07,2.7368664289607316e-05,5.536514597822422e-06
1684.8739495798318,1.0145707062485002e-06,2.910299351098411e-05,5.939201839994988e-06
1694.1176470588234,1.0980665455876897e-06,3.09264825092801e-05,6.366298153860753e-06
1703.361344537815,1.1874141623525776e-06,3.284255515425475e-05,6.818966151955702e-06
1712.6050420168067,1.2829479808506214e-06,3.48547147184359e-05,7.298406802207651e-06
1721.8487394957983,1.3850167831888135e-06,3.696654394968398e-05,7.805859973001497e-06
1731.09243697479,1.4939840823818624e-06,3.918170509722694e-05,8.342604962889078e-06
1740.3361344537816,1.6102284954576976e-06,4.150393989139721e-05,8.909961014431618e-06
1749.579831932773,1.7341441162340746e-06,4.3937069477353066e-05,9.509287811685551e-06
1758.8235294117646,1.8661408874401365e-06,4.6484994303120874e-05,1.0141985960866714e-05
1768.0672268907563,2.006644971857389e-06,4.915169396233752e-05,1.080949745375161e-05
1777.310924369748,2.1560991221556258e-06,5.194122699212642e-05,1.1513306113398926e-05
1786.5546218487395,2.3149630491009904e-06,5.48577306265782e-05,1.225493802179887e-05
1795.798319327731,2.483713787815362e-06,5.7905420506355135e-05,1.3035961929082424e-05
1805.0420168067226,2.662846061768872e-06,6.108859034497692e-05,1.3857989643947269e-05
1814.2857142857142,2.8528726441903072e-06,6.441161155238309e-05,1.4722676404981753e-05
1823.5294117647059,3.0543247165836226e-06,6.787893281640838e-05,1.5631721232592993e-05
1832.7731092436975,3.2677522240426534e-06,7.149507964283732e-05,1.6586867261270066e-05
1842.0168067226891,3.493724227060265e-06,7.526465385474216e-05,1.758990205193648e-05
1851.2605042016808,3.732829249533071e-06,7.919233305183356e-05,1.864265788417235e-05
1860.5042016806722,3.985675622667512e-06,8.328287003058925e-05,1.9747012028108923e-05
1869.7478991596638,4.252891824498854e-06,8.754109216594758e-05,2.0904886995823004e-05
1878.9915966386554,4.535126814739983e-06,9.19719007553803e-05,2.211825077208237e-05
1888.235294117647,4.833050364683187e-06,9.658027032618318e-05,2.3389117024315794e-05
1897.4789915966385,5.147353381884261e-06,0.00010137124790684334,2.4719545291705254e-05
1906.7226890756301,5.478748229364986e-06,0.00010634995226336372,2.6111641153320012e-05
1915.9663865546217,5.827969039076664e-06,0.00011152157310143845,2.7567556375233756e-05
1925.2100840336134,6.1957720193747895e-06,0.00011689137023539805,2.9089489036589197e-05
1934.453781512605,6.582935756262065e-06,0.00012246467272484835,3.0679683634594364e-05
1943.6974789915967,6.990261508164568e-06,0.00012824687797994728,3.2340431168457266e-05
1952.9411764705883,7.418573494013446e-06,0.00013424345083627053,3.4074069202283775e-05
1962.18487394958,7.868719174412671e-06,0.00014045992260023103,3.5882981906985915e-05
1971.4285714285713,8.341569525681317e-06,0.00014690189006602095,3.7769600081265335e-05
1980.672268907563,8.838019306566792e-06,0.00015357501450505594,3.9736401151756345e-05
1989.9159663865546,9.358987317434102e-06,0.00016048502062890468,4.178590915243077e-05
1999.1596638655462,9.905416651744455e-06,0.00016763769552669193,4.39206946833849e-05
2008.4033613445376,1.0478274939644965e-05,0.00017503888757796338,4.6143374849146056e-05
2017.6470588235293,1.107855458349995e-05,0.00018269450534200884,4.845661317665255e-05
2026.890756302521,1.1707272985202695e-05,0.00019061051642462989,5.08631195130763e-05
2036.1344537815125,1.236547276511558e-05,0.00019879294632334853,5.336564990367472e-05
2045.3781512605042,1.3054221972494683e-05,0.0002072478772520447,5.59670064498709e-05
2054.621848739496,1.3774614287264372e-05,0.00021598144694600616,5.867003714777661e-05
2063.8655462184875,1.4527769213015197e-05,0.0002249998474483783,6.14776357073868e-05
2073.109243697479,1.5314832261108052e-05,0.00023430932387898432,6.439274135268545e-05
2082.3529411764703,1.6136975125775475e-05,0.00024391617318649097,6.741833860291755e-05
2091.596638655462,1.699539585012043e-05,0.000253826742884886,7.055745703529188e-05
2100.8403361344535,1.789131898292015e-05,0.00026404742977521016,7.381317102938966e-05
2110.084033613445,1.882599572615295e-05,0.0002745846786535112,7.71885994935705e-05
2119.327731092437,1.9800704073173085e-05,0.00028544498100594053,8.068690557366761e-05
2128.5714285714284,2.0816748937467197e-05,0.00029663487369192663,8.43112963442841e-05
2137.81512605042,2.1875462271935174e-05,0.00030816093761634506,8.806502248300224e-05
2147.0588235294117,2.2978203178645182e-05,0.0003200297963915831,9.195137792783279e-05
2156.3025210084033,2.412635800902148e-05,0.0003322481149903977,9.597369951823526e-05
2165.546218487395,2.532134045443198e-05,0.00034482259839044706,0.00010013536662004704
2174.7899159663866,2.6564591627148966e-05,0.000357759990211357,0.00010443980073467176
2184.0336134453783,2.7857580131665723e-05,0.0003710670713451853,0.00010889046509287321
2193.27731092437,2.920180212635872e-05,0.00038475065858111255,0.00011349086423353845
2202.5210084033615,3.059878137549199e-05,0.00039881760322519954,0.00011824454356776998
2211.764705882353,3.205006929156844e-05,0.00041327478971599934,0.00012315508892867606
2221.0084033613443,3.355724496804008e-05,0.0004281291342368419,0.00012822612610723075
2230.252100840336,3.512191520239518e-05,0.0004433875833255575,0.00013346132037458063
2239.4957983193276,3.6745714509647874e-05,0.00045905711248240053,0.00013886437599117593
2248.7394957983192,3.8430305126262916e-05,0.0004751447247769277,0.00014443903570310955
2257.983193277311,4.017737700455365e-05,0.000491657449454564,0.0001501890802260464
2267.2268907563025,4.198864779759866e-05,0.0005086023405435583,0.0001561183277171315
2276.470588235294,4.386586283472805e-05,0.0005259864754630396,0.00016223063323526332
2285.714285714286,4.581079508763613e-05,0.0005438169536328445,0.0001685298881901217
2294.957983193277,4.78252451271844e-05,0.000562100895085792,0.0001750200197803392
2304.2016806722686,4.9911041070963406e-05,0.0005808454390830442,0.00018170499042120973
2313.4453781512602,5.207003852168541e-05,0.0006000577427331746,0.0001885887971623158
2322.689075630252,5.4304120496490926e-05,0.0006197449796155803,0.00019567547109547586
2331.9327731092435,5.6615197347250174e-05,0.0006399143384088145,0.00020296907675339173
2341.176470588235,5.900520667195089e-05,0.0006605730215244236,0.00021047371149938708
2350.4201680672268,6.147611321726517e-05,0.0006817282437468512,0.00021819350490862456
2359.6638655462184,6.402990877239481e-05,0.0007033872308799563,0.00022613261814118403
2368.90756302521,6.666861205429824e-05,0.0007255572184006645,0.00023429524330738794
2378.1512605042017,6.939426858440455e-05,0.0007482454501202749,0.00024268560282575345
2387.3949579831933,7.22089505569278e-05,0.0007714591768539047,0.0002513079487739462
2396.638655462185,7.511475669889488e-05,0.0007952056550985579,0.0002601665622331201
2405.8823529411766,7.81138121220068e-05,0.0008194921457202718,0.0002692657526260026
2415.126050420168,8.120826816645306e-05,0.000844325912650788,0.00027860985704911053
2424.36974789916,8.440030223680684e-05,0.0008697142215941779,0.0002882032395994471
2433.613445378151,8.769211763012817e-05,0.0008956643387438272,0.00029805029069605345
2442.8571428571427,9.108594335640619e-05,0.0009221835295101851,0.0003081554263967684
2452.1008403361343,9.458403395147316e-05,0.000949279057259642,0.0003185230877105512
2461.344537815126,9.818866928253052e-05,0.0009769581820649191,0.0003291577399057166
2470.5882352941176,0.00010190215434642125,0.0010052281594673008,0.00034006387181443167
2479.831932773109,0.0001057268190607925,0.0010340962392510545,0.0003512459951338131
2489.075630252101,0.00010966501804829204,0.0010635696642303499,0.0003627086437239578
2498.3193277310925,0.00011371913041394092,0.0010936556690489805,0.00037445637290324746
2507.563025210084,0.00011789155951583243,0.0011243614789931819,0.00038649375874124584
2516.8067226890753,0.00012218473272930272,0.0011556943088178134,0.0003988253973495143
2526.050420168067,0.0001266011012047286,0.0011876613615861727,0.00041145590417066333
2535.2941176470586,0.00013114313961909346,0.001220269827523671,0.0004243899132659439
2544.53781512605,0.0001358133459214866,0.0012535268828856281,0.0004376320766016957
2553.781512605042,0.00014061424107268008,0.0012874396888393831,0.00045118706333494615
2563.0252100840335,0.00014554836877893988,0.0013220153903609384,0.0004650595590984518
2572.268907563025,0.00015061829522022854,0.001357261115146325,0.0004792542652854846
2581.5126050420167,0.00015582660877295375,0.0013931839725378737,0.000493775898334625
2590.7563025210084,0.00016117591972741684,0.0014297910524655561,0.0005086291890148672
2600.0,0.00016666886000012236,0.0014670894244035544,0.0005238188817112822
