wavelength_um,radiance_normalized
0.3000000000000001,0.00019670853356084904
0.30531818503049796,0.0002579656109061283
0.3107306470343918,0.0003361901299170381
0.3162390572863092,0.0004354516430924911
0.3218451166880392,0.0005606259727655494
0.3275505562937364,0.0007175141432119284
0.33335713784444504,0.000912970112637316
0.3392666543120922,0.0011550361755270145
0.34528093045312436,0.0014530844826552676
0.3514018233719657,0.0018179626765356131
0.35763122309445383,0.002262141175657069
0.3639710531514531,0.0027998591751414834
0.3704232711728017,0.0034472659800523276
0.3769898694917992,0.004222553867610123
0.38367287576040204,0.005146078304130169
0.3904743535753255,0.006240461040096913
0.3973964031152517,0.007530671390578667
0.40444116178932243,0.009044080895231989
0.4116108048971396,0.010810486557664045
0.41890754630045757,0.012862098000466251
0.4263336391067831,0.015233484149072468
0.4338913763651019,0.017961475480005432
0.44158309177392524,0.021085018437896653
0.449411160401903,0.02464497933697707
0.45737799942119656,0.028683895907578253
0.46548606885386606,0.0332456756127599
0.4737378723314801,0.038375240925822784
0.4821359578681907,0.044118122903324744
0.4906829186475229,0.05052000558359122
0.49938139382309704,0.057626224957941
0.5082340693335609,0.06548122746926568
0.5172436787319578,0.07412799415723022
0.5264130040297975,0.08360743765843091
0.5357448765561009,0.09395778025138485
0.5452421778316561,0.10521392198041771
0.5549078404587918,0.11740680857277631
0.5647448490269046,0.13056280935663178
0.5747562410340568,0.14470311567637417
0.5849451078248997,0.15984317037272594
0.5953145955452241,0.17599213874217312
0.6058679061134437,0.19315243101195306
0.6166082982092823,0.21131928576851913
0.6275390882800069,0.23048042297028246
0.6386636515644849,0.2506157741757139
0.649985423135396,0.2716972964474868
0.6615078989599322,0.29368887507793934
0.6732346369792815,0.31654631885010337
0.6851692582072678,0.34021745003425385
0.6973154478484532,0.3646422897557541
0.7096769564360617,0.38975333779089766
0.7222576009900883,0.4154759442875576
0.7350612661959175,0.4417287694000732
0.7480919056038589,0.4684243254044278
0.7613535428499223,0.49546959454865047
0.7748502728982589,0.5227667147202046
0.7885862633056094,0.5502137239977208
0.8025657555081699,0.5777053543163932
0.8167930661312841,0.6051338638268121
0.8312725883223302,0.6323898970738792
0.8460087931072602,0.6593633618691777
0.8610062307711706,0.6859443116749961
0.8762695322633459,0.7120238224559191
0.8918034106272287,0.7374948532747674
0.9076126624557109,0.7622530804005158
0.9237021693722518,0.7861976953410628
0.9400768995382334,0.8092321579941505
0.9567419091870369,0.8312648970056121
0.9737023441853337,0.8522099504131926
0.9909634416220239,0.8719875407141001
1.0085305314253756,0.8905245796027264
1.0264090380087973,0.9077550987586684
1.0446044819458176,0.92362060420353
1.063122481674737,0.9380703528666534
1.081968755233498,0.951061551087096
1.1011491220253309,0.9625594758142059
1.1206695046156674,0.972537520237609
1.1405359305609446,0.9809771664668424
1.1607545342697918,0.987867888680825
1.1813315588972457,0.9932069908705058
1.2022733582725214,0.9969993838985666
1.223586398860959,0.9992573070954636
1.2452772617607697,1.0
1.2673526447351569,0.9992533301365706
1.289819364280465,0.9970493829030727
1.3126843577310097,0.9934260197277891
1.3359546854011888,0.9884264106464539
1.3596375327656052,0.9820985473592904
1.3837402126777953,0.9744947426600594
1.4082701676283318,0.9656711218938462
1.4332349720429272,0.9556871118066266
1.4586423346212762,0.9446049318067034
1.4845001007173901,0.932489092275533
1.510816254762083,0.9194059041522629
1.5375989227284477,0.9054230035812825
1.5648563746409945,0.8906088949638833
1.5925970271293106,0.8750325153011603
1.620829446026962,0.85876282226312
1.6495623490164646,0.8418684079746337
1.6788046083211756,0.8244171400783021
1.7085652534448572,0.8064758312222188
1.7388534739598545,0.7881099377310669
1.7696786223446663,0.7693832878553689
1.8010502168718179,0.7503578396584005
1.8329779445469636,0.7310934682951767
1.8654716641000384,0.7116477821642675
1.8985414090294874,0.6920759671712114
1.9321973907004275,0.672430658132455
1.966450001497728,0.6527618361700264
2.001309818035024,0.6331167507990395
2.036787604420565,0.6135398652911915
2.0728943155810122,0.5940728238060244
2.1096411006441027,0.5747544387162932
2.147039306381331,0.5556206965120966
2.1851004807116277,0.5367047806486935
2.223836376267142,0.518037109702714
2.263258954022281,0.4996453892187741
2.3033803869870195,0.481554675661222
2.344213063965747,0.46378745093144735
2.385769593382681,0.44636370596828995
2.428062807175163,0.42930103201514097
2.4711057647559267,0.41261471821097884
2.5149117570455997,0.3963178542417073
2.559494310576743,0.3804214368714329
2.604867191670593,0.3649344792592816
2.651044410687852,0.34986412205456885
2.6980402263548746,0.3352157453506077
2.7458691501664796,0.32099308066418003
2.794545950866889,0.3071983221926132
2.8440856590100183,0.2938322366831334
2.8945035716006875,0.2808942713286714
2.9458152568180576,0.2683826591804997
2.9980365588227973,0.2562945216402409
3.0511836026495263,0.24462596766182132
3.105272799185897,0.23337218935764736
3.1603208502400455,0.22252755376233532
3.216344753697768,0.21208569056198945
3.2733618087712206,0.20203957564695038
3.3313896213405956,0.19238161039151766
3.390446109390494,0.18310369660521536
3.4505495085427276,0.17419730713702145
3.5117183776871475,0.16565355214676142
3.5739716047122876,0.15746324108668514
3.6373284123376384,0.14961694046140664
3.7018083640493002,0.14210502745607695
3.7674313701408373,0.1349177395410935
3.8342176938612074,0.12804522017706857
3.9021879576717495,0.12147756075642858
3.97136314961402,0.11520483892814336
4.0417646297905145,0.10921715345985103
4.113414136960348,0.10350465579734629
4.18633379525175,0.09805757848522982
4.260546120993676,0.092866260614619
4.3360740296683895,0.0879211704645032
4.4129408429874335,0.08321292550263158
4.491170296092936,0.07873230991006201
4.570786544886597,0.07447028979070595
4.651814173488653,0.07041802622360643
4.734278201829013,0.06656688631140056
4.8182040933729535,0.06290845237353135
4.903617762983819,0.05943452942744658
4.990545584925098,0.056137151095329296
5.079014401004328,0.05300858406794168
5.169051528861343,0.050041331251009014
5.26068477040355,0.04722813371329664
5.353942420390655,0.04456197154922261
5.448853275171552,0.042036063762513794
5.545446641576218,0.03964386727114325
5.643752345965069,0.03737907512761361
5.74380074343891,0.035235614042576746
5.845622727211973,0.0332076412938957
5.949249738151296,0.03128954109750984
6.054713774485073,0.029475920510951374
6.162047401683125,0.02776160493503418
6.271283762512636,0.026141633274142803
6.382456587271966,0.024611252810693825
6.495600204206086,0.02316591384470307
6.610749550106444,0.02180126414501667
6.7279401810989325,0.020513143254602458
6.847208283622964,0.019297576688396177
6.96859068560518,0.018150770058512802
7.0921248678313535,0.017069103158184933
7.217848975519776,0.016049124032569334
7.345801830099787,0.015087543061550395
7.476022941199271,0.014181227076871602
7.608552518844419,0.01332719353333326
7.74343148587602,0.012522604751384978
7.880701490585591,0.011764762246229497
8.020404919575771,0.011051101156504962
8.16258491084852,0.010379184783741642
8.307285367125326,0.009746699252067316
8.454550969403742,0.00915144829606565
8.604427190753956,0.008591348183265408
8.75696031036023,0.008064422776435121
8.912197427810968,0.007568798739687859
9.070186477642386,0.007102700891335721
9.23097624413981,0.0066644477054845575
9.394616376401363,0.006252446963503471
9.561157403668854,0.005865191555742724
9.730650750930293,0.00550125543319951
9.90314875479898,0.005159289708232524
10.078704679674198,0.004838018902902835
10.25737273418837,0.004536237343061474
10.439208087945717,0.004252805695907973
10.6242668885576,0.0039866476484038274
10.812606278980072,0.003736746723635723
11.004284415158557,0.003502143231981813
11.199360483985346,0.003281931353733124
11.397894721575636,0.003075256349660318
11.599948431867215,0.0028813118958892227
11.80558400555025,0.0026993375393506236
12.014864939332258,0.002528616270002552
12.227855855544957,0.0023684722059778554
12.444622522098465,0.0022182683877892974
12.665231872789201,0.0020774046777212833
12.88975202796804,0.0019453157605524548
13.11825231557463,0.0018214692417838315
13.3508032925446,0.0017053638395900734
13.587476766596373,0.0015965276667661505
13.828345818404207,0.0014945165990063697
14.073484824164186,0.0013989127259254092
14.322969478560214,0.0013093228813107181
14.576876818137404,0.001225377249181131
14.835285245089532,0.0011467280423170976
15.098274551468199,0.0010730482500215558
15.365925943821447,0.0010040304519673246
15.63832206826868,0.0009393856950860247
15.915547036020614,0.0008788424305532505
16.19768644935111,0.0008221455080261811
16.484827428029902,0.0007690552243904378
16.77705863622357,0.0007193464243742548
17.074470309873394,0.0006728076504878631
17.377154284558927,0.0006292403398450683
17.685204023854904,0.0005884580655218179
17.99871464819149,0.0005502858202022168
18.31778296422554,0.0005145593399568578
18.64250749473305,0.00048112446609000555
18.9729885090312,0.0004498365430821806
19.309328053939655,0.0004205598507418801
19.651629985291102,0.000393167068765097
20.0,0.00036753877198371436
